               epoch,      train/box_loss,      train/obj_loss,      train/cls_loss,   metrics/precision,      metrics/recall,     metrics/mAP_0.5,metrics/mAP_0.5:0.95,        val/box_loss,        val/obj_loss,        val/cls_loss,               x/lr0,               x/lr1,               x/lr2
                   0,             0.11639,            0.017335,            0.027564,          0.00019462,            0.055292,          0.00010894,          2.7339e-05,             0.10539,            0.010445,            0.026979,            0.070588,            0.003268,            0.003268
                   1,             0.11012,            0.018104,            0.025725,          0.00025927,             0.06692,          0.00016109,          4.5278e-05,             0.10135,            0.010921,            0.026567,            0.040566,           0.0065795,           0.0065795
                   2,             0.10615,            0.018651,            0.024157,           0.0014443,            0.010204,          0.00028079,          5.5803e-05,             0.11144,            0.010966,              0.0437,            0.010523,           0.0098691,           0.0098691
                   3,             0.10322,            0.018962,            0.021785,          0.00013852,            0.017442,          7.5774e-05,          1.7635e-05,                 nan,                 nan,             0.27401,            0.009901,            0.009901,            0.009901
                   4,            0.097695,            0.018924,            0.019696,           0.0013808,             0.15306,           0.0010089,          0.00016342,              0.1254,            0.037793,             0.33811,            0.009901,            0.009901,            0.009901
                   5,            0.089047,            0.019145,            0.017892,          0.00014212,             0.11224,          0.00011818,          1.8616e-05,             0.12963,            0.028096,             0.27758,            0.009868,            0.009868,            0.009868
                   6,            0.080338,             0.02002,             0.01512,            0.031284,             0.12245,            0.012037,           0.0023956,             0.10122,            0.046609,            0.075105,            0.009835,            0.009835,            0.009835
                   7,            0.074285,            0.019059,            0.011026,             0.56476,            0.091837,             0.03735,            0.011839,            0.084104,           0.0099378,            0.015368,            0.009802,            0.009802,            0.009802
                   8,            0.071137,            0.018329,           0.0095318,           0.0025416,            0.061224,           0.0012824,          0.00013398,              0.1104,            0.026898,            0.078124,            0.009769,            0.009769,            0.009769
                   9,            0.067104,            0.016956,           0.0084262,           3.876e-05,            0.030612,          2.0624e-05,          2.7223e-06,             0.13414,            0.050751,             0.31982,            0.009736,            0.009736,            0.009736
                  10,            0.065831,            0.017004,           0.0069291,             0.58347,            0.040816,            0.035506,           0.0075317,             0.10477,            0.036192,            0.088835,            0.009703,            0.009703,            0.009703
                  11,            0.062945,            0.015616,           0.0064438,             0.15709,             0.18071,             0.10219,            0.034481,             0.07538,            0.009437,            0.018154,             0.00967,             0.00967,             0.00967
                  12,            0.059846,            0.015935,           0.0052998,             0.26515,             0.31621,             0.17742,            0.066888,            0.066263,           0.0095555,           0.0046571,            0.009637,            0.009637,            0.009637
                  13,            0.057817,            0.015714,           0.0052037,           0.0014956,            0.056834,           0.0004071,          8.6461e-05,             0.10968,              0.1283,            0.099814,            0.009604,            0.009604,            0.009604
                  14,            0.056283,            0.014669,           0.0048725,             0.59649,             0.22245,             0.12555,            0.056353,            0.089708,           0.0076756,            0.039191,            0.009571,            0.009571,            0.009571
                  15,            0.054683,            0.014327,           0.0041916,             0.18298,             0.24535,             0.10058,            0.034402,            0.085479,            0.014988,            0.028222,            0.009538,            0.009538,            0.009538
                  16,            0.053039,            0.014066,           0.0044386,             0.14465,             0.05102,            0.033218,              0.0113,             0.10091,            0.022774,             0.06666,            0.009505,            0.009505,            0.009505
                  17,            0.051397,            0.013558,           0.0037669,             0.21289,              0.2462,              0.1142,            0.037103,            0.088002,            0.013871,            0.021936,            0.009472,            0.009472,            0.009472
                  18,            0.050361,            0.013094,           0.0035148,            0.044119,            0.020408,            0.012822,           0.0049584,            0.099749,            0.015641,            0.027996,            0.009439,            0.009439,            0.009439
                  19,            0.048541,            0.012718,           0.0039498,             0.32595,             0.23458,             0.13941,            0.043455,            0.074495,           0.0099012,           0.0054781,            0.009406,            0.009406,            0.009406
                  20,            0.047587,            0.012871,           0.0031653,              0.2739,             0.41801,             0.22106,              0.1077,            0.062838,           0.0095167,           0.0095026,            0.009373,            0.009373,            0.009373
                  21,            0.047761,            0.012147,           0.0027226,             0.14244,             0.12245,            0.068902,            0.019657,            0.091385,            0.010473,            0.020401,             0.00934,             0.00934,             0.00934
                  22,            0.046556,            0.012223,           0.0029409,             0.35861,              0.3117,             0.23755,             0.11253,            0.061463,            0.010226,           0.0079297,            0.009307,            0.009307,            0.009307
                  23,            0.046063,            0.012282,           0.0030048,             0.43664,              0.5636,             0.37386,             0.19058,            0.053876,           0.0083024,           0.0034017,            0.009274,            0.009274,            0.009274
                  24,            0.044208,            0.012043,           0.0024479,             0.50145,             0.79485,             0.50995,              0.2905,            0.039168,           0.0081678,           0.0023625,            0.009241,            0.009241,            0.009241
                  25,            0.044832,            0.011638,           0.0026181,              0.6804,             0.27551,             0.17943,            0.071351,            0.079262,           0.0091444,            0.098705,            0.009208,            0.009208,            0.009208
                  26,             0.04371,            0.011304,           0.0022617,             0.40014,             0.48054,             0.31207,             0.13155,            0.061978,           0.0086845,           0.0035364,            0.009175,            0.009175,            0.009175
                  27,              0.0437,            0.011577,           0.0028261,             0.20044,             0.25356,             0.14112,            0.052119,             0.08244,            0.012667,            0.018297,            0.009142,            0.009142,            0.009142
                  28,             0.04272,            0.011335,           0.0024017,              0.3854,             0.42395,             0.29394,            0.095295,             0.06398,           0.0091521,           0.0043791,            0.009109,            0.009109,            0.009109
                  29,            0.041723,             0.01102,           0.0026994,              0.5541,             0.66263,              0.5008,             0.27222,            0.043837,           0.0075259,           0.0036741,            0.009076,            0.009076,            0.009076
                  30,            0.041439,            0.011136,           0.0025599,             0.46312,             0.65934,              0.4084,              0.2243,            0.044994,           0.0083841,           0.0031542,            0.009043,            0.009043,            0.009043
                  31,            0.040764,             0.01134,           0.0021829,             0.50049,             0.75621,             0.53176,             0.29133,            0.042292,           0.0068433,           0.0033738,             0.00901,             0.00901,             0.00901
                  32,            0.039751,            0.010719,           0.0020491,             0.51581,             0.79046,             0.52289,             0.29878,            0.039243,           0.0076273,           0.0038046,            0.008977,            0.008977,            0.008977
                  33,            0.039975,            0.010741,            0.001819,              0.3389,             0.64191,             0.31079,             0.15327,            0.058123,           0.0085608,            0.011262,            0.008944,            0.008944,            0.008944
                  34,            0.039846,             0.01099,           0.0022708,             0.51914,             0.73681,             0.52464,             0.30666,            0.039249,           0.0081562,           0.0022165,            0.008911,            0.008911,            0.008911
                  35,            0.038112,            0.010641,           0.0022573,              0.1741,             0.15009,            0.081289,             0.03377,            0.077522,            0.012082,           0.0086532,            0.008878,            0.008878,            0.008878
                  36,            0.038782,            0.010725,           0.0017696,              0.1274,             0.15449,            0.059745,            0.022797,             0.08402,            0.010949,           0.0044818,            0.008845,            0.008845,            0.008845
                  37,            0.038465,            0.010571,           0.0016991,             0.50023,             0.77232,             0.54634,             0.31899,             0.03738,           0.0088886,           0.0016178,            0.008812,            0.008812,            0.008812
                  38,            0.039237,            0.010397,           0.0020062,             0.47862,             0.69486,             0.46279,             0.25802,            0.042189,             0.00737,           0.0044626,            0.008779,            0.008779,            0.008779
                  39,            0.038026,             0.01047,           0.0017486,             0.49389,             0.64215,             0.44267,             0.23564,            0.044928,           0.0078249,           0.0025424,            0.008746,            0.008746,            0.008746
                  40,            0.036993,            0.010462,           0.0018478,             0.42053,             0.46001,             0.35118,             0.14972,            0.052419,           0.0095661,            0.011936,            0.008713,            0.008713,            0.008713
                  41,            0.037777,            0.010094,           0.0023893,             0.47946,             0.69732,             0.46547,             0.28157,            0.040366,           0.0079586,           0.0026754,             0.00868,             0.00868,             0.00868
                  42,            0.036905,            0.010429,           0.0018994,              0.1915,              0.2856,              0.1567,            0.085379,            0.081196,             0.01474,            0.021495,            0.008647,            0.008647,            0.008647
                  43,            0.036917,            0.010379,           0.0012586,             0.41929,             0.73649,             0.42889,             0.24925,            0.044329,           0.0080402,           0.0039911,            0.008614,            0.008614,            0.008614
                  44,            0.036934,            0.010517,            0.001408,             0.23351,             0.21711,             0.13961,            0.078178,            0.087505,            0.015607,            0.016598,            0.008581,            0.008581,            0.008581
                  45,             0.03573,           0.0099548,           0.0015044,             0.47425,             0.64642,             0.46108,              0.2623,            0.045677,           0.0078566,           0.0060397,            0.008548,            0.008548,            0.008548
                  46,            0.035079,           0.0097306,           0.0017733,             0.43834,             0.49945,             0.30224,             0.12926,            0.067345,            0.008304,           0.0028412,            0.008515,            0.008515,            0.008515
                  47,             0.03565,            0.010217,           0.0015479,             0.47051,             0.61973,             0.43313,             0.21838,            0.052142,           0.0080532,           0.0028313,            0.008482,            0.008482,            0.008482
                  48,             0.03496,           0.0097065,            0.001449,             0.39747,             0.50392,             0.31982,             0.17133,            0.052957,           0.0091203,           0.0031056,            0.008449,            0.008449,            0.008449
                  49,            0.035986,            0.010139,           0.0011472,             0.29999,             0.34089,             0.22349,            0.066539,            0.063788,            0.011475,           0.0045436,            0.008416,            0.008416,            0.008416
                  50,            0.034481,           0.0098004,           0.0013474,             0.53261,             0.60145,             0.48623,             0.25972,            0.045608,           0.0087169,           0.0020392,            0.008383,            0.008383,            0.008383
                  51,            0.033936,           0.0098865,           0.0015505,             0.42634,             0.61011,             0.41868,             0.24805,             0.04973,           0.0082025,           0.0040685,             0.00835,             0.00835,             0.00835
                  52,            0.035686,           0.0097527,           0.0011471,             0.45896,             0.73956,             0.50756,             0.31535,            0.037795,           0.0081996,           0.0028681,            0.008317,            0.008317,            0.008317
                  53,            0.034122,           0.0093058,           0.0017634,             0.22015,             0.40354,             0.19519,            0.091911,            0.072398,            0.013439,            0.009602,            0.008284,            0.008284,            0.008284
                  54,            0.034453,           0.0097946,           0.0012936,             0.48403,             0.77159,             0.50394,             0.32497,              0.0371,           0.0074056,           0.0018408,            0.008251,            0.008251,            0.008251
                  55,            0.033758,           0.0096272,           0.0013029,             0.48435,             0.70439,             0.50698,             0.33608,            0.036291,            0.008359,           0.0031909,            0.008218,            0.008218,            0.008218
                  56,            0.032871,           0.0095856,           0.0013203,             0.48226,             0.60726,             0.42284,             0.25717,             0.04842,           0.0088892,           0.0019368,            0.008185,            0.008185,            0.008185
                  57,            0.032723,           0.0094552,            0.001423,             0.38863,             0.49964,             0.30117,             0.12499,            0.055899,            0.010491,           0.0047443,            0.008152,            0.008152,            0.008152
                  58,            0.032568,           0.0097769,           0.0014418,             0.24406,             0.41247,             0.20144,             0.09631,            0.069928,            0.010823,           0.0038084,            0.008119,            0.008119,            0.008119
                  59,            0.033139,           0.0090509,           0.0011065,             0.49364,             0.77314,             0.50431,             0.28355,             0.04323,           0.0075921,           0.0014455,            0.008086,            0.008086,            0.008086
                  60,            0.032492,           0.0094387,            0.001117,             0.44701,             0.72272,             0.47003,             0.26345,             0.04888,            0.007894,           0.0014789,            0.008053,            0.008053,            0.008053
                  61,            0.033434,           0.0096984,           0.0011829,             0.48288,             0.85331,             0.58361,             0.33518,            0.032973,           0.0075312,           0.0014158,             0.00802,             0.00802,             0.00802
                  62,            0.032484,           0.0094003,           0.0012479,             0.36544,             0.35121,             0.23981,             0.12365,            0.060174,            0.010077,           0.0030956,            0.007987,            0.007987,            0.007987
                  63,            0.032189,           0.0094274,           0.0010282,              0.5319,             0.79583,             0.56921,             0.35399,            0.035745,           0.0073059,           0.0016056,            0.007954,            0.007954,            0.007954
                  64,            0.032193,           0.0095681,           0.0011439,             0.50933,             0.77741,             0.57795,             0.38137,            0.033955,           0.0069482,            0.001443,            0.007921,            0.007921,            0.007921
                  65,            0.031342,           0.0092223,           0.0013204,              0.4378,             0.68142,             0.43417,             0.21668,            0.047923,           0.0084747,           0.0014074,            0.007888,            0.007888,            0.007888
                  66,            0.032337,            0.009139,           0.0012506,             0.46932,             0.64657,             0.43072,             0.26928,            0.049671,           0.0086733,            0.004187,            0.007855,            0.007855,            0.007855
                  67,            0.030747,           0.0091557,           0.0012474,             0.38522,             0.63491,             0.34247,             0.16841,            0.061107,           0.0087406,           0.0035588,            0.007822,            0.007822,            0.007822
                  68,            0.031082,           0.0093025,          0.00089172,             0.46135,             0.75261,              0.4999,             0.33863,            0.036726,           0.0083635,           0.0037297,            0.007789,            0.007789,            0.007789
                  69,            0.031384,           0.0094051,           0.0011921,             0.30823,             0.48457,             0.25648,             0.13281,            0.061933,            0.010181,           0.0070148,            0.007756,            0.007756,            0.007756
                  70,            0.031385,           0.0091763,           0.0013738,             0.48041,             0.58694,             0.44756,             0.26628,            0.046526,           0.0084877,           0.0027157,            0.007723,            0.007723,            0.007723
                  71,            0.031619,            0.009344,            0.001024,             0.47334,             0.66766,             0.42667,             0.26747,            0.040188,            0.008104,           0.0015635,             0.00769,             0.00769,             0.00769
                  72,            0.030051,           0.0093609,           0.0015924,             0.46949,             0.81088,              0.5736,             0.40501,            0.031027,           0.0075563,           0.0024863,            0.007657,            0.007657,            0.007657
                  73,             0.03109,           0.0091478,           0.0010594,             0.44811,             0.70907,             0.47161,             0.29244,            0.045284,           0.0080779,           0.0026505,            0.007624,            0.007624,            0.007624
                  74,            0.030545,           0.0089589,          0.00088224,             0.41558,              0.6495,             0.43441,             0.26986,            0.046189,           0.0089178,           0.0031866,            0.007591,            0.007591,            0.007591
                  75,            0.030061,           0.0089921,           0.0011026,             0.49232,             0.67908,             0.44741,             0.28969,            0.048346,           0.0087237,           0.0020165,            0.007558,            0.007558,            0.007558
                  76,            0.031153,            0.008983,          0.00089305,             0.44904,             0.65947,             0.41639,             0.26431,            0.053123,           0.0081894,            0.007942,            0.007525,            0.007525,            0.007525
                  77,            0.030002,            0.008835,          0.00084463,              0.3984,             0.43557,             0.29732,             0.13446,            0.072212,            0.011472,           0.0018616,            0.007492,            0.007492,            0.007492
                  78,            0.030504,           0.0091775,           0.0012408,             0.38225,             0.43938,              0.3027,             0.15857,            0.074013,            0.012748,            0.010318,            0.007459,            0.007459,            0.007459
                  79,            0.029517,           0.0088033,          0.00097366,              0.4503,             0.67549,             0.40925,             0.20974,            0.062288,           0.0094607,           0.0032973,            0.007426,            0.007426,            0.007426
                  80,             0.03057,           0.0090253,           0.0010831,               0.383,             0.65959,             0.39431,             0.22179,            0.051741,            0.009082,           0.0054676,            0.007393,            0.007393,            0.007393
                  81,            0.030488,           0.0089311,           0.0010388,             0.52654,             0.78721,             0.53664,             0.36788,            0.026181,           0.0066842,           0.0012969,             0.00736,             0.00736,             0.00736
                  82,            0.029167,           0.0089086,           0.0010457,             0.46059,              0.7672,             0.45827,              0.3036,            0.040166,           0.0082176,           0.0061137,            0.007327,            0.007327,            0.007327
                  83,            0.030298,            0.009035,          0.00096919,             0.46602,             0.70028,             0.46229,             0.28369,            0.042335,           0.0085741,           0.0026512,            0.007294,            0.007294,            0.007294
                  84,            0.031282,           0.0091295,           0.0012217,             0.52644,             0.88942,             0.54521,             0.40472,            0.026004,           0.0067194,            0.001418,            0.007261,            0.007261,            0.007261
                  85,            0.029474,           0.0088431,          0.00096724,             0.49089,             0.84899,             0.50517,              0.3418,            0.029776,           0.0071154,            0.001445,            0.007228,            0.007228,            0.007228
                  86,             0.02939,           0.0087297,          0.00076057,             0.53542,             0.76436,             0.56467,             0.39138,            0.031637,           0.0073928,           0.0017221,            0.007195,            0.007195,            0.007195
                  87,            0.030078,           0.0089726,          0.00078922,             0.51328,             0.75088,             0.53753,             0.33996,            0.033517,           0.0073073,           0.0026378,            0.007162,            0.007162,            0.007162
                  88,            0.029243,           0.0086502,           0.0006408,             0.46474,             0.71713,             0.43357,             0.26622,            0.040779,           0.0085799,           0.0033835,            0.007129,            0.007129,            0.007129
                  89,            0.028064,           0.0087146,           0.0010933,             0.50592,             0.63336,             0.42465,              0.2276,             0.04727,           0.0088062,           0.0019287,            0.007096,            0.007096,            0.007096
                  90,            0.029765,           0.0084475,          0.00071063,             0.50375,             0.75819,             0.47002,             0.29789,            0.035104,           0.0077323,           0.0034996,            0.007063,            0.007063,            0.007063
                  91,            0.028267,           0.0086291,          0.00082481,             0.23761,             0.29995,             0.14985,            0.050421,            0.070255,            0.015714,           0.0062529,             0.00703,             0.00703,             0.00703
                  92,            0.028446,             0.00864,           0.0013021,             0.49082,             0.73369,             0.49799,             0.34632,            0.028118,           0.0075285,           0.0025717,            0.006997,            0.006997,            0.006997
                  93,            0.028144,           0.0086001,          0.00083171,             0.47845,             0.74995,             0.46409,             0.26987,            0.042504,           0.0085562,            0.001313,            0.006964,            0.006964,            0.006964
                  94,            0.029113,           0.0085053,           0.0012715,             0.53647,             0.87625,             0.58765,             0.42906,            0.027446,           0.0066781,           0.0013377,            0.006931,            0.006931,            0.006931
                  95,            0.027279,           0.0085589,          0.00082608,             0.44234,             0.77159,             0.52002,             0.36863,            0.034031,           0.0076235,            0.002206,            0.006898,            0.006898,            0.006898
                  96,             0.02842,           0.0086394,          0.00080099,              0.4746,             0.77017,             0.52407,              0.3521,            0.036681,           0.0073623,            0.003033,            0.006865,            0.006865,            0.006865
                  97,            0.027694,           0.0082935,          0.00073374,             0.45517,             0.81668,             0.47152,             0.30328,            0.037644,           0.0079014,           0.0027617,            0.006832,            0.006832,            0.006832
                  98,            0.029126,           0.0087694,          0.00085051,             0.51608,             0.91323,             0.57409,             0.42028,            0.027353,           0.0071943,           0.0009585,            0.006799,            0.006799,            0.006799
                  99,            0.028339,           0.0087462,          0.00075086,             0.44037,             0.74976,             0.41724,             0.25737,            0.047422,           0.0083823,           0.0037594,            0.006766,            0.006766,            0.006766
                 100,            0.027387,           0.0082123,           0.0011039,             0.49961,             0.87324,             0.53442,             0.38602,            0.028849,           0.0072435,           0.0016558,            0.006733,            0.006733,            0.006733
                 101,            0.027327,           0.0082411,          0.00077248,             0.47077,             0.75998,             0.48237,             0.31255,            0.034949,           0.0077916,            0.003785,              0.0067,              0.0067,              0.0067
                 102,            0.027891,           0.0086994,          0.00067299,             0.43724,             0.73232,             0.42823,             0.27644,            0.039528,           0.0083915,           0.0050389,            0.006667,            0.006667,            0.006667
                 103,            0.026977,           0.0083526,          0.00073797,             0.48781,             0.75997,             0.47476,             0.27451,            0.043201,           0.0082084,           0.0013111,            0.006634,            0.006634,            0.006634
                 104,             0.02748,           0.0080526,          0.00068635,             0.45482,             0.74395,             0.45834,             0.28683,            0.040457,           0.0087816,           0.0051244,            0.006601,            0.006601,            0.006601
                 105,            0.026545,           0.0083289,          0.00087079,              0.5044,             0.81668,             0.54603,             0.39232,            0.029803,           0.0071252,           0.0017631,            0.006568,            0.006568,            0.006568
                 106,            0.027855,           0.0082247,          0.00072767,             0.45386,             0.65235,             0.39089,             0.23021,            0.043436,           0.0094517,           0.0019975,            0.006535,            0.006535,            0.006535
                 107,            0.026979,           0.0082354,          0.00056221,             0.50374,             0.72613,             0.53208,             0.37427,            0.031754,           0.0082465,           0.0025012,            0.006502,            0.006502,            0.006502
                 108,            0.027806,           0.0083582,          0.00077059,             0.46324,             0.70764,             0.45884,             0.28406,            0.043782,            0.009961,           0.0016026,            0.006469,            0.006469,            0.006469
                 109,            0.026612,           0.0081088,          0.00086099,             0.44042,             0.58538,             0.39461,             0.23441,            0.047936,            0.010089,           0.0019211,            0.006436,            0.006436,            0.006436
                 110,            0.027254,           0.0083224,          0.00072195,             0.46066,             0.55979,             0.36158,             0.23822,            0.061472,           0.0086381,          0.00093292,            0.006403,            0.006403,            0.006403
                 111,            0.026403,           0.0082768,          0.00086497,             0.44721,             0.51993,             0.32722,             0.17866,            0.053487,            0.010618,            0.004235,             0.00637,             0.00637,             0.00637
                 112,            0.026231,           0.0082477,          0.00071212,             0.52692,             0.57665,             0.39592,             0.23318,            0.048068,           0.0099973,           0.0020269,            0.006337,            0.006337,            0.006337
                 113,            0.025715,           0.0079267,          0.00089748,             0.51486,             0.85508,              0.5824,              0.4345,            0.028333,            0.006975,            0.001194,            0.006304,            0.006304,            0.006304
                 114,             0.02712,           0.0084261,          0.00084796,             0.48143,             0.85811,             0.50924,             0.32961,             0.03243,            0.008109,           0.0026247,            0.006271,            0.006271,            0.006271
                 115,            0.026597,           0.0079615,          0.00069594,             0.51695,             0.91024,             0.54173,             0.39724,            0.026288,           0.0066301,          0.00063404,            0.006238,            0.006238,            0.006238
                 116,            0.026123,           0.0081284,           0.0010047,             0.51497,             0.86307,             0.54965,             0.40808,            0.029334,           0.0071057,          0.00090104,            0.006205,            0.006205,            0.006205
                 117,            0.025432,           0.0082172,          0.00060903,             0.45572,             0.62043,             0.37864,             0.21773,            0.049876,           0.0099678,           0.0061738,            0.006172,            0.006172,            0.006172
                 118,            0.027079,           0.0080201,          0.00053083,             0.50612,             0.83082,             0.55999,             0.41876,            0.028429,           0.0079831,           0.0022994,            0.006139,            0.006139,            0.006139
                 119,            0.026407,           0.0081066,          0.00052718,             0.47357,             0.86657,              0.5362,             0.38041,            0.034945,           0.0084863,           0.0028748,            0.006106,            0.006106,            0.006106
                 120,            0.025583,            0.007881,          0.00065894,             0.50661,             0.88279,             0.59266,             0.44749,             0.02693,           0.0077223,           0.0014648,            0.006073,            0.006073,            0.006073
                 121,            0.026835,            0.007947,          0.00071178,             0.43309,             0.74593,             0.45758,             0.31361,            0.037382,           0.0084155,           0.0028584,             0.00604,             0.00604,             0.00604
                 122,             0.02627,           0.0082558,          0.00083069,              0.4509,             0.64215,             0.40904,             0.25715,            0.039005,           0.0095436,           0.0013845,            0.006007,            0.006007,            0.006007
                 123,            0.025603,           0.0080892,          0.00075855,             0.50758,             0.89024,             0.54354,             0.41496,             0.02515,           0.0068628,          0.00095457,            0.005974,            0.005974,            0.005974
                 124,            0.026224,           0.0079416,           0.0010294,             0.50333,             0.92276,             0.57582,             0.44616,             0.02577,           0.0067932,          0.00092132,            0.005941,            0.005941,            0.005941
                 125,            0.026836,           0.0082765,           0.0006917,             0.44763,             0.79235,             0.47122,             0.31291,            0.043239,            0.008558,           0.0007624,            0.005908,            0.005908,            0.005908
                 126,            0.025927,           0.0080728,          0.00076681,             0.40517,             0.64345,             0.42385,             0.21035,            0.053603,           0.0096901,           0.0023447,            0.005875,            0.005875,            0.005875
                 127,            0.024778,           0.0077516,          0.00040163,             0.52006,             0.88645,             0.58579,             0.44804,            0.024912,           0.0064651,           0.0010998,            0.005842,            0.005842,            0.005842
                 128,            0.025251,           0.0083753,          0.00052873,             0.52705,             0.87412,             0.56284,             0.42073,            0.025126,           0.0066614,           0.0010266,            0.005809,            0.005809,            0.005809
                 129,             0.02492,           0.0078405,          0.00048275,             0.50013,             0.72492,             0.51186,             0.35223,            0.035764,           0.0083806,           0.0013485,            0.005776,            0.005776,            0.005776
                 130,            0.024887,           0.0078283,          0.00048212,              0.5034,             0.89808,             0.56746,             0.43639,            0.025607,           0.0071532,           0.0014941,            0.005743,            0.005743,            0.005743
                 131,            0.024422,           0.0076329,           0.0004927,             0.49753,             0.66967,              0.4718,             0.28444,            0.040992,             0.00891,           0.0020199,             0.00571,             0.00571,             0.00571
                 132,            0.025096,           0.0076551,          0.00041462,             0.39539,             0.68878,              0.4213,             0.29005,            0.044679,           0.0087917,           0.0014863,            0.005677,            0.005677,            0.005677
                 133,            0.025251,           0.0080468,          0.00066352,             0.48535,             0.75711,             0.48603,             0.28608,             0.03768,           0.0081353,          0.00091647,            0.005644,            0.005644,            0.005644
                 134,            0.024902,           0.0081256,          0.00055752,             0.48576,             0.68581,               0.439,             0.29287,            0.039312,           0.0086679,           0.0038332,            0.005611,            0.005611,            0.005611
                 135,            0.024837,           0.0076792,          0.00050152,             0.53088,             0.90372,             0.57425,             0.44323,            0.025286,           0.0070424,          0.00093207,            0.005578,            0.005578,            0.005578
                 136,            0.024902,           0.0077365,          0.00063181,             0.25463,             0.23458,             0.16093,            0.071054,            0.074672,            0.013439,           0.0031647,            0.005545,            0.005545,            0.005545
                 137,             0.02464,           0.0075976,          0.00048693,             0.51079,               0.798,              0.5332,             0.35236,            0.033471,           0.0074152,          0.00071256,            0.005512,            0.005512,            0.005512
                 138,            0.023438,           0.0077347,          0.00039595,             0.51944,             0.90623,             0.56808,              0.4426,            0.024517,           0.0067389,          0.00061349,            0.005479,            0.005479,            0.005479
                 139,            0.024595,           0.0078287,          0.00051504,             0.48705,             0.87482,             0.58113,             0.44668,            0.025923,           0.0072056,          0.00075313,            0.005446,            0.005446,            0.005446
                 140,            0.024971,           0.0076828,          0.00047125,             0.53146,             0.89965,             0.57943,             0.44674,            0.024689,            0.006369,          0.00086922,            0.005413,            0.005413,            0.005413
                 141,            0.024729,           0.0078434,          0.00044362,             0.53686,             0.77598,              0.5344,             0.35965,            0.032344,           0.0070814,           0.0015498,             0.00538,             0.00538,             0.00538
                 142,            0.023964,           0.0078016,          0.00050256,             0.47941,             0.70273,              0.4631,             0.26588,            0.039901,           0.0076777,           0.0024278,            0.005347,            0.005347,            0.005347
                 143,            0.023539,           0.0074627,          0.00048504,             0.46989,              0.8486,             0.51623,             0.36043,            0.031103,           0.0078402,           0.0042783,            0.005314,            0.005314,            0.005314
                 144,            0.024132,            0.007583,          0.00064232,             0.49421,             0.86758,             0.53186,             0.38318,            0.028585,           0.0074061,          0.00071554,            0.005281,            0.005281,            0.005281
                 145,             0.02378,            0.007459,          0.00046934,             0.50795,             0.75391,             0.56699,             0.41541,            0.028726,           0.0074158,           0.0019179,            0.005248,            0.005248,            0.005248
                 146,            0.024137,           0.0076691,          0.00052848,             0.51788,             0.83104,             0.56912,             0.43594,            0.027424,           0.0071784,            0.002367,            0.005215,            0.005215,            0.005215
                 147,            0.023788,           0.0074806,          0.00044442,             0.50602,             0.82973,             0.55894,             0.42745,            0.026352,           0.0070103,           0.0017466,            0.005182,            0.005182,            0.005182
                 148,            0.023445,           0.0074892,          0.00051731,              0.4731,             0.77791,              0.4757,             0.30609,            0.038517,           0.0075355,           0.0011958,            0.005149,            0.005149,            0.005149
                 149,            0.023534,           0.0076188,          0.00050429,             0.51717,             0.78606,              0.5597,             0.38143,             0.03055,           0.0070896,           0.0010736,            0.005116,            0.005116,            0.005116
                 150,             0.02372,           0.0075716,          0.00067646,             0.50626,             0.89395,             0.56229,             0.41805,            0.025114,           0.0070622,          0.00071902,            0.005083,            0.005083,            0.005083
                 151,             0.02369,           0.0075528,          0.00076417,             0.46425,             0.71642,             0.43601,             0.23678,            0.050139,           0.0093734,           0.0025759,             0.00505,             0.00505,             0.00505
                 152,            0.023512,           0.0073822,           0.0006947,             0.52799,             0.90828,             0.56711,             0.43147,            0.027106,           0.0068361,           0.0013911,            0.005017,            0.005017,            0.005017
                 153,             0.02365,           0.0078049,          0.00053248,             0.52233,             0.89084,             0.57873,             0.44213,              0.0248,            0.007023,           0.0010543,            0.004984,            0.004984,            0.004984
                 154,            0.024063,           0.0075511,          0.00047779,             0.53348,              0.8918,             0.59512,             0.45435,            0.025428,           0.0069075,          0.00088809,            0.004951,            0.004951,            0.004951
                 155,            0.024022,           0.0075758,          0.00051123,             0.50985,             0.87444,             0.57817,             0.43401,            0.028167,           0.0067386,           0.0014496,            0.004918,            0.004918,            0.004918
                 156,            0.023844,           0.0075679,          0.00045097,             0.44151,             0.73524,              0.5085,             0.35125,            0.033437,           0.0082437,           0.0019264,            0.004885,            0.004885,            0.004885
                 157,            0.022691,           0.0076295,          0.00046788,             0.50185,             0.69735,             0.47818,             0.28481,            0.037735,           0.0083556,           0.0011506,            0.004852,            0.004852,            0.004852
                 158,            0.022879,           0.0074523,          0.00046666,             0.53741,             0.91113,             0.58247,             0.45614,            0.024433,            0.006512,            0.001214,            0.004819,            0.004819,            0.004819
                 159,            0.023381,           0.0076591,          0.00044497,             0.50463,             0.62613,             0.42866,             0.28681,            0.044252,            0.008588,           0.0015005,            0.004786,            0.004786,            0.004786
                 160,            0.023085,           0.0071553,          0.00042978,             0.43079,             0.55624,             0.35125,             0.16365,            0.051987,            0.009003,            0.001815,            0.004753,            0.004753,            0.004753
                 161,            0.022943,           0.0072393,          0.00041341,             0.51854,             0.83976,              0.5579,             0.40154,            0.027366,           0.0069197,          0.00069061,             0.00472,             0.00472,             0.00472
                 162,             0.02364,           0.0075522,          0.00034419,             0.45367,             0.75595,               0.508,               0.359,            0.034426,           0.0082265,           0.0023701,            0.004687,            0.004687,            0.004687
                 163,              0.0234,           0.0074123,          0.00059266,             0.46887,             0.82642,             0.49036,             0.36054,            0.031191,           0.0079485,           0.0011692,            0.004654,            0.004654,            0.004654
                 164,            0.022371,           0.0071085,          0.00057336,             0.50227,             0.81229,             0.54238,             0.40841,            0.027104,           0.0073251,          0.00088903,            0.004621,            0.004621,            0.004621
                 165,            0.022405,           0.0074106,          0.00071322,             0.50339,             0.65532,             0.41608,             0.24913,            0.041202,           0.0095431,           0.0012212,            0.004588,            0.004588,            0.004588
                 166,            0.022797,           0.0074701,          0.00036544,             0.43572,             0.67913,              0.4131,             0.26311,            0.037711,           0.0091795,           0.0021436,            0.004555,            0.004555,            0.004555
                 167,            0.022123,           0.0072968,          0.00054585,             0.53046,             0.89494,             0.56972,             0.44156,            0.024091,           0.0069575,           0.0011057,            0.004522,            0.004522,            0.004522
                 168,            0.022129,           0.0071517,          0.00040504,             0.50055,             0.90221,              0.5696,             0.44391,            0.024826,           0.0069763,            0.001447,            0.004489,            0.004489,            0.004489
                 169,            0.022482,           0.0073437,          0.00039909,             0.52359,             0.83333,             0.53323,              0.3612,            0.029292,           0.0072806,           0.0014964,            0.004456,            0.004456,            0.004456
                 170,            0.022954,           0.0077048,          0.00031657,              0.4688,             0.82662,             0.50059,             0.34762,            0.035351,            0.008137,          0.00082861,            0.004423,            0.004423,            0.004423
                 171,            0.022037,            0.007018,          0.00046026,             0.39018,             0.59681,              0.3632,             0.24965,            0.051988,           0.0090507,            0.002307,             0.00439,             0.00439,             0.00439
                 172,            0.023045,            0.007137,          0.00041679,              0.4989,             0.79497,             0.54535,             0.38703,            0.027506,            0.007321,           0.0013254,            0.004357,            0.004357,            0.004357
                 173,            0.022585,           0.0071422,          0.00046313,             0.43776,             0.54983,             0.39011,             0.17518,            0.057371,            0.011051,           0.0029509,            0.004324,            0.004324,            0.004324
                 174,            0.022366,           0.0075307,          0.00051249,             0.51721,             0.88787,             0.56354,             0.44331,             0.02387,           0.0070723,            0.000915,            0.004291,            0.004291,            0.004291
                 175,            0.022418,           0.0070264,          0.00037054,             0.53321,             0.81229,             0.55704,             0.37446,            0.031932,           0.0072226,           0.0020873,            0.004258,            0.004258,            0.004258
                 176,            0.022134,           0.0070549,           0.0005991,             0.51992,              0.8588,             0.54479,             0.41178,             0.02632,           0.0076095,           0.0011736,            0.004225,            0.004225,            0.004225
                 177,            0.021763,           0.0070816,          0.00053223,             0.53249,             0.91552,             0.55925,             0.43397,            0.024614,           0.0065157,           0.0005945,            0.004192,            0.004192,            0.004192
                 178,            0.022473,           0.0071052,          0.00061965,             0.50613,             0.88787,             0.54247,             0.41677,            0.024843,           0.0074286,          0.00062755,            0.004159,            0.004159,            0.004159
                 179,            0.022406,           0.0072794,          0.00071797,             0.38307,             0.66255,             0.43694,             0.29021,            0.046372,           0.0095666,           0.0034462,            0.004126,            0.004126,            0.004126
                 180,            0.021542,           0.0070261,           0.0004894,             0.53172,             0.88206,             0.54738,             0.41661,            0.025436,           0.0071155,          0.00094318,            0.004093,            0.004093,            0.004093
                 181,            0.022468,           0.0070774,          0.00046407,             0.49701,             0.77395,             0.50306,              0.3644,            0.029341,           0.0076506,           0.0030933,             0.00406,             0.00406,             0.00406
                 182,            0.022021,           0.0071071,          0.00039989,              0.5038,             0.89665,             0.55572,             0.41784,            0.029338,            0.007015,           0.0012554,            0.004027,            0.004027,            0.004027
                 183,            0.022217,           0.0072745,          0.00037335,             0.48178,             0.83851,             0.52972,             0.39266,            0.028186,           0.0078493,          0.00078368,            0.003994,            0.003994,            0.003994
                 184,            0.021953,           0.0071321,          0.00026235,             0.51714,             0.87482,             0.54343,             0.39846,             0.02802,           0.0070403,           0.0010367,            0.003961,            0.003961,            0.003961
                 185,            0.021395,           0.0069041,          0.00028476,             0.51225,             0.85441,             0.56611,             0.44489,            0.025657,           0.0074765,          0.00054605,            0.003928,            0.003928,            0.003928
                 186,            0.022909,            0.007357,          0.00031168,             0.46669,             0.76143,             0.48363,             0.36162,            0.034121,            0.008792,             0.00337,            0.003895,            0.003895,            0.003895
                 187,            0.021523,           0.0068046,            0.000289,             0.49579,             0.88233,             0.56111,             0.42902,            0.025739,           0.0073866,           0.0011639,            0.003862,            0.003862,            0.003862
                 188,            0.021341,           0.0072665,          0.00069082,             0.49636,             0.68382,             0.45219,             0.29795,            0.034451,           0.0085538,           0.0017826,            0.003829,            0.003829,            0.003829
                 189,            0.022191,            0.007366,          0.00048157,             0.50734,             0.68272,             0.45774,             0.24489,            0.040632,           0.0083437,           0.0015721,            0.003796,            0.003796,            0.003796
                 190,            0.022225,           0.0069008,          0.00034338,             0.42891,             0.72916,             0.43611,             0.29311,            0.039697,            0.008358,           0.0020001,            0.003763,            0.003763,            0.003763
                 191,            0.021828,           0.0070315,          0.00026038,             0.52546,             0.85441,             0.54644,             0.40918,             0.02623,           0.0068652,           0.0010438,             0.00373,             0.00373,             0.00373
                 192,            0.021284,           0.0071044,          0.00028726,             0.49173,             0.78026,             0.53681,              0.3861,            0.034486,           0.0084062,           0.0018684,            0.003697,            0.003697,            0.003697
                 193,            0.022137,           0.0073214,          0.00031631,              0.2885,             0.59124,             0.28672,             0.14572,            0.059436,            0.013972,           0.0017575,            0.003664,            0.003664,            0.003664
                 194,            0.021282,           0.0067752,          0.00029233,             0.51783,             0.90917,             0.56898,              0.4596,            0.024146,           0.0068594,          0.00084388,            0.003631,            0.003631,            0.003631
                 195,            0.021044,           0.0070014,          0.00025674,             0.52065,             0.80182,              0.5546,             0.40657,            0.029786,           0.0072857,          0.00048837,            0.003598,            0.003598,            0.003598
                 196,             0.02077,           0.0071018,          0.00027013,             0.48107,             0.73915,             0.48059,              0.3099,             0.03772,           0.0079955,          0.00096087,            0.003565,            0.003565,            0.003565
                 197,            0.021861,           0.0071257,          0.00026271,             0.52989,             0.91808,             0.56234,             0.45693,            0.022398,           0.0068003,            0.001124,            0.003532,            0.003532,            0.003532
                 198,            0.020871,           0.0072111,          0.00033786,             0.52125,             0.84548,              0.5605,             0.41954,            0.024226,           0.0072337,             0.00082,            0.003499,            0.003499,            0.003499
                 199,            0.021149,           0.0069471,          0.00024664,               0.519,              0.7538,             0.53238,             0.36028,            0.030908,           0.0077099,           0.0012463,            0.003466,            0.003466,            0.003466
                 200,            0.021467,           0.0068753,          0.00065402,             0.51686,             0.89363,             0.55722,             0.43005,            0.027371,           0.0078676,           0.0019229,            0.003433,            0.003433,            0.003433
                 201,            0.020004,           0.0066702,          0.00030609,             0.45657,             0.55653,             0.39046,             0.22942,            0.048257,            0.010195,           0.0025096,              0.0034,              0.0034,              0.0034
                 202,            0.020926,           0.0071297,          0.00051003,             0.48432,               0.809,              0.5209,             0.37153,            0.034003,           0.0085664,           0.0015831,            0.003367,            0.003367,            0.003367
                 203,            0.021052,           0.0069915,          0.00032372,              0.5173,             0.90856,             0.59148,             0.45102,            0.024378,           0.0072729,          0.00030514,            0.003334,            0.003334,            0.003334
                 204,            0.020411,           0.0068685,          0.00027689,             0.47831,             0.84324,             0.54513,             0.40126,            0.031362,           0.0088244,          0.00072524,            0.003301,            0.003301,            0.003301
                 205,            0.020686,           0.0069567,          0.00040774,             0.51456,             0.88206,             0.58879,             0.45152,            0.024054,           0.0069677,          0.00041077,            0.003268,            0.003268,            0.003268
                 206,            0.020611,           0.0067656,          0.00023837,             0.51702,             0.88206,             0.58823,             0.46302,            0.024363,           0.0070741,          0.00035769,            0.003235,            0.003235,            0.003235
                 207,            0.021203,           0.0070136,          0.00041618,             0.49244,             0.89808,             0.55846,             0.41197,            0.025566,           0.0072363,          0.00079512,            0.003202,            0.003202,            0.003202
                 208,            0.020195,           0.0069548,          0.00025705,             0.45152,             0.71596,             0.48432,             0.35913,            0.034748,           0.0099028,          0.00099672,            0.003169,            0.003169,            0.003169
                 209,            0.020219,           0.0068604,          0.00029956,             0.42555,             0.79509,             0.48132,             0.33493,            0.032143,           0.0090157,           0.0014325,            0.003136,            0.003136,            0.003136
                 210,            0.020957,           0.0069789,          0.00030777,             0.51266,             0.84718,             0.53615,             0.41707,            0.024585,           0.0076906,           0.0012181,            0.003103,            0.003103,            0.003103
                 211,            0.020953,           0.0065669,          0.00040032,             0.51596,             0.91694,             0.56708,             0.44714,            0.023542,           0.0070911,           0.0010724,             0.00307,             0.00307,             0.00307
                 212,            0.021248,           0.0069454,          0.00058856,             0.49294,             0.81814,             0.51827,             0.35902,            0.032959,           0.0084465,           0.0016154,            0.003037,            0.003037,            0.003037
                 213,            0.021326,           0.0068941,          0.00041813,             0.51181,             0.92586,             0.59572,             0.46677,            0.024105,           0.0072809,          0.00080664,            0.003004,            0.003004,            0.003004
                 214,            0.021227,           0.0069535,          0.00035056,             0.50854,             0.83994,             0.55976,             0.44302,            0.025113,           0.0078431,           0.0013074,            0.002971,            0.002971,            0.002971
                 215,            0.020226,           0.0067472,          0.00027308,             0.50827,             0.79924,             0.53679,             0.38856,            0.027642,           0.0075717,          0.00057602,            0.002938,            0.002938,            0.002938
                 216,             0.02066,           0.0067946,          0.00024552,             0.48521,             0.85152,             0.55892,             0.43269,            0.025825,           0.0077675,          0.00081107,            0.002905,            0.002905,            0.002905
                 217,            0.020471,           0.0068668,          0.00029014,             0.52205,             0.87625,             0.57018,             0.43797,            0.025126,           0.0068602,          0.00046665,            0.002872,            0.002872,            0.002872
                 218,            0.020316,           0.0068417,          0.00047023,             0.48687,             0.87625,             0.56153,             0.43526,              0.0266,           0.0080761,           0.0011173,            0.002839,            0.002839,            0.002839
                 219,            0.020488,           0.0070438,          0.00055718,             0.51727,             0.91694,             0.56097,             0.44361,            0.023799,            0.007223,           0.0007451,            0.002806,            0.002806,            0.002806
                 220,            0.021038,           0.0066698,          0.00042062,             0.50837,             0.81953,             0.55995,             0.41918,            0.023926,           0.0071141,          0.00055827,            0.002773,            0.002773,            0.002773
                 221,            0.020627,           0.0065991,          0.00023749,             0.50986,             0.91109,             0.56928,             0.45354,            0.023684,           0.0071379,           0.0012742,             0.00274,             0.00274,             0.00274
                 222,            0.020209,           0.0068701,          0.00068279,             0.44843,             0.86298,             0.53955,             0.41516,            0.026989,           0.0080174,           0.0015834,            0.002707,            0.002707,            0.002707
                 223,            0.020148,           0.0066927,          0.00026172,             0.51305,             0.89511,             0.58738,             0.46402,            0.025048,           0.0073475,           0.0012061,            0.002674,            0.002674,            0.002674
                 224,            0.020006,           0.0066284,          0.00033778,             0.50141,              0.8734,             0.56152,             0.44302,            0.023424,           0.0072433,          0.00098477,            0.002641,            0.002641,            0.002641
                 225,            0.020153,           0.0066968,          0.00039515,             0.52134,             0.87918,             0.54589,             0.43445,            0.023797,           0.0073731,          0.00050506,            0.002608,            0.002608,            0.002608
                 226,            0.019232,           0.0066995,          0.00023893,             0.51754,             0.93735,             0.54478,             0.43159,            0.023918,           0.0070052,          0.00067878,            0.002575,            0.002575,            0.002575
                 227,            0.020096,            0.006505,          0.00027249,             0.52715,             0.86113,             0.55924,             0.42038,            0.028908,           0.0076685,           0.0014239,            0.002542,            0.002542,            0.002542
                 228,            0.020291,            0.007043,          0.00023976,             0.51866,             0.88787,              0.5754,             0.45597,            0.024538,           0.0068305,            0.001066,            0.002509,            0.002509,            0.002509
                 229,             0.02028,            0.006622,          0.00028702,             0.51199,             0.83116,              0.5348,             0.37843,            0.028594,           0.0075156,          0.00083009,            0.002476,            0.002476,            0.002476
                 230,             0.01978,           0.0066324,          0.00023777,             0.51681,             0.90303,             0.54341,             0.42535,             0.02401,           0.0072637,           0.0005711,            0.002443,            0.002443,            0.002443
                 231,            0.019967,           0.0067346,          0.00024242,             0.52031,             0.87335,             0.56066,             0.43105,            0.026575,           0.0070121,           0.0010976,             0.00241,             0.00241,             0.00241
                 232,            0.019928,           0.0065815,          0.00021446,             0.52261,             0.90389,             0.56967,             0.45539,            0.023449,           0.0070982,          0.00074086,            0.002377,            0.002377,            0.002377
                 233,            0.020077,            0.006829,          0.00041489,             0.49716,             0.84136,             0.51669,             0.38278,            0.027967,           0.0077846,           0.0014064,            0.002344,            0.002344,            0.002344
                 234,            0.020363,           0.0067086,          0.00040314,             0.50374,             0.90059,             0.54627,              0.4314,            0.021463,           0.0070764,          0.00040061,            0.002311,            0.002311,            0.002311
                 235,             0.01969,           0.0069379,          0.00029287,             0.52546,             0.87199,             0.53422,             0.40449,             0.02891,           0.0075538,           0.0012228,            0.002278,            0.002278,            0.002278
                 236,            0.019193,           0.0067426,          0.00033137,             0.51504,             0.93735,             0.55387,              0.4336,             0.02431,           0.0074063,          0.00079713,            0.002245,            0.002245,            0.002245
                 237,            0.019102,            0.006615,          0.00017066,             0.48196,             0.76239,              0.4889,             0.34663,              0.0311,           0.0080911,           0.0013877,            0.002212,            0.002212,            0.002212
                 238,            0.019376,           0.0066953,          0.00022221,             0.52364,             0.90311,             0.57015,             0.45604,            0.024366,           0.0074583,          0.00071115,            0.002179,            0.002179,            0.002179
                 239,            0.019605,           0.0067704,          0.00015664,             0.51205,             0.85299,             0.56317,             0.42595,            0.024039,           0.0071026,          0.00073697,            0.002146,            0.002146,            0.002146
                 240,            0.019889,           0.0068353,          0.00021161,             0.51426,             0.92454,              0.5698,             0.44406,            0.025845,           0.0070047,          0.00098877,            0.002113,            0.002113,            0.002113
                 241,            0.019594,           0.0067868,          0.00049451,             0.50543,             0.93135,             0.56373,             0.44611,            0.024314,           0.0069804,          0.00055071,             0.00208,             0.00208,             0.00208
                 242,            0.020239,           0.0064703,          0.00049717,             0.39309,             0.58944,             0.39264,             0.27412,            0.040284,           0.0098535,           0.0049452,            0.002047,            0.002047,            0.002047
                 243,            0.019161,           0.0065287,          0.00039108,             0.49963,             0.73517,             0.47499,             0.31056,             0.03744,           0.0094873,          0.00095677,            0.002014,            0.002014,            0.002014
                 244,             0.01922,           0.0065861,          0.00031749,             0.52615,             0.92133,             0.55387,             0.44023,            0.023959,           0.0072688,          0.00070504,            0.001981,            0.001981,            0.001981
                 245,            0.018809,           0.0065361,          0.00030305,             0.50692,             0.91369,             0.56815,             0.45313,            0.024034,            0.007641,          0.00060147,            0.001948,            0.001948,            0.001948
                 246,            0.019406,           0.0065864,          0.00042957,             0.51656,             0.91113,              0.5477,             0.42982,            0.024247,           0.0074683,          0.00097685,            0.001915,            0.001915,            0.001915
                 247,            0.018965,           0.0065097,          0.00022393,             0.49442,             0.83021,             0.53227,              0.4007,            0.023982,            0.007257,          0.00054493,            0.001882,            0.001882,            0.001882
                 248,            0.018932,           0.0064223,           0.0004354,             0.49014,             0.81953,             0.53146,             0.37105,            0.027263,           0.0076888,          0.00051401,            0.001849,            0.001849,            0.001849
                 249,            0.019402,           0.0066782,          0.00021616,             0.51303,             0.90532,             0.57697,             0.45876,             0.02333,           0.0069593,          0.00056143,            0.001816,            0.001816,            0.001816
                 250,            0.019393,           0.0065248,          0.00018922,             0.50828,             0.86604,             0.54562,             0.42911,            0.024854,            0.007386,           0.0011609,            0.001783,            0.001783,            0.001783
                 251,            0.018953,           0.0064283,          0.00017684,             0.50155,             0.84136,             0.53419,             0.40548,            0.025668,           0.0072511,          0.00054711,             0.00175,             0.00175,             0.00175
                 252,            0.019027,           0.0064812,          0.00020216,             0.48536,             0.80858,             0.53699,             0.40921,            0.027019,           0.0082054,          0.00064264,            0.001717,            0.001717,            0.001717
                 253,            0.019165,           0.0063973,          0.00029025,             0.50874,             0.89511,             0.57376,             0.45792,            0.024208,           0.0074527,          0.00042345,            0.001684,            0.001684,            0.001684
                 254,            0.018668,           0.0065094,          0.00023425,             0.50368,             0.86462,             0.53736,             0.40458,            0.028657,           0.0078432,           0.0012701,            0.001651,            0.001651,            0.001651
                 255,            0.018751,           0.0068867,          0.00025137,             0.51287,              0.9169,             0.56092,             0.44161,            0.024245,           0.0071071,          0.00047312,            0.001618,            0.001618,            0.001618
                 256,            0.019174,           0.0066099,           0.0002466,             0.48032,             0.84312,             0.52893,              0.4029,            0.028358,            0.008254,           0.0015599,            0.001585,            0.001585,            0.001585
                 257,            0.018392,           0.0064745,          0.00036784,             0.50033,             0.83697,             0.52653,             0.37127,            0.027874,           0.0081996,          0.00095691,            0.001552,            0.001552,            0.001552
                 258,             0.01849,           0.0066562,          0.00023197,             0.51201,             0.89808,              0.5605,             0.44561,             0.02257,           0.0072437,          0.00059157,            0.001519,            0.001519,            0.001519
                 259,            0.018655,           0.0064887,          0.00027472,             0.49604,             0.80351,             0.51452,             0.36372,            0.028536,           0.0078197,           0.0013549,            0.001486,            0.001486,            0.001486
                 260,            0.017706,           0.0061317,          0.00018602,             0.50742,               0.926,             0.55268,             0.44898,            0.023819,           0.0074451,          0.00058374,            0.001453,            0.001453,            0.001453
                 261,            0.018768,           0.0063736,          0.00016775,             0.52754,             0.86798,             0.57473,              0.4572,             0.02419,           0.0071998,           0.0004426,             0.00142,             0.00142,             0.00142
                 262,            0.017794,           0.0062497,          0.00040122,             0.49882,             0.84637,             0.54735,             0.42563,            0.027419,           0.0082307,          0.00063899,            0.001387,            0.001387,            0.001387
                 263,            0.018681,            0.006488,          0.00021814,             0.50505,             0.91694,             0.55784,             0.44156,             0.02387,           0.0073753,          0.00059063,            0.001354,            0.001354,            0.001354
                 264,            0.018797,           0.0064581,          0.00019916,             0.51565,             0.80209,             0.56894,             0.43404,            0.026372,             0.00717,          0.00056402,            0.001321,            0.001321,            0.001321
                 265,            0.018173,           0.0063448,          0.00019991,             0.50702,             0.86604,             0.55726,              0.4358,            0.025626,           0.0081013,          0.00086427,            0.001288,            0.001288,            0.001288
                 266,            0.019076,           0.0063776,          0.00038012,             0.51087,             0.90274,             0.57164,             0.45613,            0.023649,           0.0074633,           0.0004037,            0.001255,            0.001255,            0.001255
                 267,            0.018037,           0.0062134,          0.00012439,             0.50991,             0.86901,             0.55387,             0.43026,            0.024184,           0.0071956,           0.0003799,            0.001222,            0.001222,            0.001222
                 268,            0.017555,           0.0061834,          0.00021349,             0.47264,             0.82534,             0.53414,             0.40168,             0.03022,           0.0086646,           0.0015488,            0.001189,            0.001189,            0.001189
                 269,            0.018892,           0.0063819,          0.00023046,             0.51403,              0.8486,             0.58792,             0.45753,            0.025866,           0.0076962,          0.00093704,            0.001156,            0.001156,            0.001156
                 270,            0.018037,           0.0061784,          0.00016745,             0.51826,             0.89511,             0.58424,             0.46384,            0.023548,           0.0071064,          0.00048585,            0.001123,            0.001123,            0.001123
                 271,            0.018235,           0.0063166,           0.0002414,              0.4971,             0.82791,              0.5636,             0.42915,            0.024509,            0.008254,          0.00079605,             0.00109,             0.00109,             0.00109
                 272,            0.017706,            0.006383,          0.00020902,             0.51245,             0.90971,             0.56501,             0.45335,            0.025279,           0.0078782,           0.0007327,            0.001057,            0.001057,            0.001057
                 273,            0.018961,           0.0064447,          0.00019495,             0.50827,             0.90389,             0.55939,              0.4416,            0.024101,           0.0071819,          0.00057942,            0.001024,            0.001024,            0.001024
                 274,            0.018175,           0.0065614,          0.00014749,             0.50099,             0.92514,             0.57457,             0.45814,            0.023036,           0.0070684,          0.00042458,            0.000991,            0.000991,            0.000991
                 275,            0.017861,            0.006262,          0.00015852,             0.49594,             0.89765,             0.55571,             0.43425,            0.026249,           0.0076817,          0.00065405,            0.000958,            0.000958,            0.000958
                 276,            0.018012,           0.0063972,          0.00014557,             0.51645,             0.88394,             0.57444,              0.4553,            0.023502,           0.0074697,          0.00035159,            0.000925,            0.000925,            0.000925
                 277,            0.018338,           0.0064228,          0.00015771,              0.5168,             0.89891,             0.57531,             0.45826,            0.024122,           0.0074852,          0.00063341,            0.000892,            0.000892,            0.000892
                 278,            0.018543,           0.0064616,          0.00022109,             0.50338,             0.83113,             0.54062,             0.40769,            0.025034,           0.0076822,            0.000678,            0.000859,            0.000859,            0.000859
                 279,            0.017714,           0.0062828,          0.00019724,              0.5088,             0.88872,             0.56345,             0.45284,            0.023148,           0.0073057,          0.00052433,            0.000826,            0.000826,            0.000826
                 280,            0.017958,           0.0063418,          0.00015758,             0.48671,             0.82392,               0.529,              0.4021,            0.027858,           0.0082611,          0.00065517,            0.000793,            0.000793,            0.000793
                 281,            0.017874,           0.0064747,          0.00015898,             0.51602,             0.86023,             0.57349,             0.45638,            0.024399,           0.0075818,           0.0004386,             0.00076,             0.00076,             0.00076
                 282,            0.017342,           0.0063757,          0.00015716,              0.5076,             0.92857,             0.57192,             0.45401,             0.02396,           0.0074518,          0.00042559,            0.000727,            0.000727,            0.000727
                 283,            0.017325,           0.0061145,          0.00028938,              0.5179,             0.88348,             0.56199,              0.4571,            0.022981,           0.0075625,          0.00067706,            0.000694,            0.000694,            0.000694
                 284,            0.018232,           0.0065605,          0.00017045,             0.50604,             0.82593,             0.55371,             0.41281,            0.026229,           0.0084985,          0.00088117,            0.000661,            0.000661,            0.000661
                 285,             0.01799,           0.0060919,           0.0001782,             0.51989,              0.8995,             0.56043,             0.44442,            0.024044,           0.0075294,          0.00047363,            0.000628,            0.000628,            0.000628
                 286,            0.017015,           0.0061418,          0.00019869,             0.52598,              0.8893,             0.55873,             0.44584,            0.024589,           0.0075871,          0.00053469,            0.000595,            0.000595,            0.000595
                 287,            0.017619,           0.0059497,          0.00019534,             0.52375,             0.89662,             0.55425,             0.44732,            0.025213,           0.0077119,          0.00054408,            0.000562,            0.000562,            0.000562
                 288,             0.01814,           0.0056733,          0.00015672,             0.50819,             0.91113,             0.56257,             0.44939,            0.025016,           0.0074418,          0.00042299,            0.000529,            0.000529,            0.000529
                 289,            0.017479,           0.0062303,          8.8243e-05,             0.51594,             0.89333,             0.55958,             0.44705,            0.024291,           0.0076546,          0.00046688,            0.000496,            0.000496,            0.000496
                 290,            0.017173,            0.005964,          0.00022037,             0.50615,             0.92857,             0.55834,             0.44372,             0.02449,           0.0074324,          0.00045506,            0.000463,            0.000463,            0.000463
                 291,            0.017454,           0.0062199,          0.00012829,              0.5173,             0.88348,             0.55752,              0.4482,            0.024425,           0.0073819,          0.00041741,             0.00043,             0.00043,             0.00043
                 292,            0.017155,           0.0059942,          0.00025556,             0.52281,             0.86604,             0.55574,              0.4467,            0.024824,           0.0080499,          0.00071389,            0.000397,            0.000397,            0.000397
                 293,            0.017895,           0.0061978,          0.00022712,             0.50837,             0.88914,              0.5455,             0.43144,             0.02554,           0.0080522,          0.00061497,            0.000364,            0.000364,            0.000364
                 294,             0.01708,           0.0061392,           0.0002144,              0.5116,             0.87962,             0.56539,             0.45377,            0.024657,           0.0074355,          0.00038805,            0.000331,            0.000331,            0.000331
                 295,            0.017867,           0.0061122,          0.00017579,             0.51488,             0.87767,             0.56362,             0.44484,             0.02426,           0.0074498,          0.00029864,            0.000298,            0.000298,            0.000298
                 296,            0.016651,           0.0059803,          0.00012682,             0.50875,              0.8486,             0.56167,             0.44807,            0.024961,           0.0073181,          0.00041041,            0.000265,            0.000265,            0.000265
                 297,            0.017251,            0.006033,          0.00013932,              0.5049,             0.90093,              0.5664,             0.45162,            0.024157,           0.0073567,          0.00042487,            0.000232,            0.000232,            0.000232
                 298,             0.01693,           0.0062157,          0.00013256,             0.50801,             0.91386,             0.56525,             0.44855,            0.024665,           0.0074001,          0.00037923,            0.000199,            0.000199,            0.000199
                 299,            0.017138,           0.0062612,          0.00020156,             0.51077,             0.89568,              0.5673,             0.44904,            0.024432,           0.0074493,          0.00036356,            0.000166,            0.000166,            0.000166
